customer_id,call_count,conversation_ids
3ed90aa6f8924a93a6b3562af71737c29e049445778a113aaa9c000c46083d95,4,1455167886-1969820145-2192490997-1773867395 4077744804-1969754609-2705167416-0825805307 0260007571-1969820145-2745865272-0825805307 2977514866-1969754609-3019147584-3594676577
4791fa36cc880604ae77e1daf59f81d770a62ebe2a760099dfbfe849a73df39b,4,4238769408-1971065329-2705623360-3594676577 2819149332-1971065329-2322764856-0825805307 0672406299-1970999793-2700181994-2917985560 2384495284-1971458545-2860943680-3594676577
3675cff65b854d9325c681a7d6d46c048aa85e2593952da088e0fce5e09ca821,3,3027784413-1968771569-2877199416-0825805307 0331527206-1968837105-2765326656-3594676577 1510437327-1968837105-3067974712-0825805307
175bac9ec88e910ff06af9eabf67c965fe9ee67235cc99a861bf6710f162d291,3,0683127056-1971982833-2936181816-0825805307 0020837135-1971982833-2389623285-1773867395 3406506856-1971982833-2927329770-2917985560
2fed980442fe838bb2a35641ea2444d801ebf1827e1eaa7e3d0766437d34ec2e,3,1789042679-1971393009-2376173888-3594676577 1192797777-1971524081-2400027114-2917985560 3009495542-1971458545-2633744885-1773867395
f6396926e681613891108b5a60ccdeff93168c77c18372e0586428a82fb8e4af,3,0898930666-1969885681-3161560120-0825805307 0239663149-1969951217-2390725688-0825805307 1585623288-1969951217-2499187768-0825805307
35081823c5c5bdb07a9cdba5be56ae26e756a3655d9349ee5cdd5c47b90b171a,3,1318118533-1970082289-3176895544-0825805307 2432877064-1971261937-2169274858-2917985560 2768138521-1970082289-2160624106-2917985560
85370e0940d757ffc2dd22425b950804cd8d792efe473eb46e74b5f1cd5627f1,3,2892791751-1969426929-2986972216-0825805307 0509316786-1969558001-2440860728-0825805307 0524151697-1969426929-2979512821-1773867395
8e0d7bef94a1038a1d0857de5658ce32016fcb0c60789e7161e295aa0337ee70,3,0900011813-1971130865-2525664312-0825805307 0798088842-1971065329-2150405176-0825805307 2618780961-1971589617-3076428856-0825805307
ec4e0546debd9da9b2fa849e07b85d8e72df2aa69593c56153846f9437822f59,3,1231997755-1968116209-2916860405-1773867395 2422992321-1967985137-2488058357-1773867395 1485552155-1967985137-2805503032-0825805307
9f8e48324305432bee1233c8623aceb6c29f62aaeeea49e7c8bf6b474e4bc65c,3,2686731502-1971851761-3216804160-3594676577 0039012725-1968247281-3123939648-3594676577 3521520126-1968181745-2250424821-1773867395
ff42bb13963a672b9056c6cc1a02108e426b687b80e9508dd8fc90f6a1974f27,3,2244257985-1969099249-2222557504-3594676577 1277197744-1969099249-2198110698-2917985560 0081088135-1969099249-3183706602-2917985560
de78e794add6cea89cc144f88d8bb30b96850bd90784d3b59e7cf6d7654127ba,3,0234058837-1970082289-2664401216-3594676577 1969708136-1968378353-2155451448-0825805307 3406475699-1970016753-2452013557-1773867395
4c1e8804ebf510556a39f81ee01be5e03818451ab861120bbc09b558d8496a72,3,0044688302-1971524081-2757476853-1773867395 2899885537-1971458545-2914748736-3594676577 0243674050-1971917297-2330691904-3594676577
92901c861081c3c6539cafd680c8e00b42cf61c78682b851aa46a7e29999f0ba,2,0412547851-1971524081-2334228970-2917985560 2298308477-1972507121-2193916394-2917985560
6fbb051005bff508e181602056621c2b668a177932803b05783ecec6831b5a40,2,2778702364-1970409969-2864873962-2917985560 3525757309-1970541041-2696385592-0825805307
4e7316cd31fef56267d487534a6700b6c53f40455b4d7c93b7963421d34bac88,2,2249602562-1972113905-2644347200-3594676577 0561917914-1972244977-2183366976-3594676577
7aac283d89675a57a0a7979ba9a8ac8ae14d0162d46ed19b12c74ab292165739,2,3128750708-1969164785-2724512245-1773867395 0069993630-1969230321-2764669418-2917985560
2a83ee83e611013034566066815bb3d6fa9dc1ad0fe0397fdce90854c4f961a8,2,1169437684-1969820145-2830144568-0825805307 1867793732-1969230321-2898105400-0825805307
9b6f5690aabe5c40c94a3a9e139d4c91ebf3c8dcc9f256570399de24bc8e2bee,2,1307772970-1972376049-3004467520-3594676577 3178471438-1972572657-2660024821-1773867395
6a14fb61f9efe193d0b4b8411893219707bc38645e8b734319208a35de3fc11a,2,1707338440-1973228017-2477820224-3594676577 2582878162-1973228017-2712961514-2917985560
6721e46805719a311c44814f18aba9ca7b36a8d1c19856103fc8fcb9d858307e,2,0220596309-1971720689-2924528117-1773867395 0819596452-1971720689-2980692469-1773867395
a97a4d8fd0f24358f4d904651db1362f9434749deb8dae7306798aece9b84ba6,2,0077582361-1969689073-2354219328-3594676577 1076856226-1969295857-3196748266-2917985560
d71865da0830a442ea115188bf83e2c76cf8713c1502bc6ba2602633195bd5af,2,1322065918-1969295857-2255929845-1773867395 0688446110-1969295857-3161620970-2917985560
61ff15888e233b7bb7a1ba6e1d10376dd3d0e6ec0fc6d655072f12a147c9aaeb,2,0970729769-1968902641-2266534968-0825805307 4088799400-1970344433-2606727658-2917985560
70b3b0c48e7ca485e73c1adbc3eb6d4fbd795244f923846cf45a5df9eb3561d3,2,1491517214-1960841713-2538244416-3594676577 3882952389-1971393009-2563148096-3594676577
f10c90f7468033a467ffad8b77dcb51d18de7c2ba652f85fb28d2e3e158e74c8,2,1226524109-1969492465-3202978872-0825805307 1494466139-1961300465-2268763192-0825805307
679c05ee5970f6d760f47176f683c69c346ba47a9a424e8b33e55faa83686cb4,2,3339561872-1968706033-2606076984-0825805307 2842395948-1969295857-2270527978-2917985560
6c6fc1821f394e07f18a4c9e7b0e67afccf8196dd8fa32791c942d621e90c7d5,2,3684039947-1972048369-2359789888-3594676577 2892090428-1972310513-2774632768-3594676577
b47bc7cdbdc04134220a74170b61574e009f728c6db785ddc06a623d6a65c01d,2,4015236218-1968574961-3115095096-0825805307 2008491163-1968443889-2424804408-0825805307
dc559cf5e46d1310ab7926eb7df79bff8686c3020dd8fb59cbe97662f09243a6,2,1147226794-1972703729-3119890933-1773867395 1705304897-1969754609-2898706933-1773867395
c9ac3817412c18e054d5569694c11ea95131b8588d6b1c57311b3d56ac93ac5f,2,0860341691-1971130865-2389934570-2917985560 3213963304-1969230321-3063646528-3594676577
b6fa5993b525d842244ef388b2e26c4d14deebee03d99e6e470d023c30fd166c,2,2771082588-1972113905-2721748024-0825805307 4148685948-1971720689-2532346176-3594676577
612a63d07061d9f0500a323bcce77d45f59e99fb330f73f7d2e8ef13d4ac97ed,2,3665355931-1967591921-2489041397-1773867395 0845098322-1967657457-2178189632-3594676577
619077dac132cdc5313f059106e6ac1b5a08054d08280c80b87737d48a1a82d8,2,1192273377-1972376049-2995423552-3594676577 3411821180-1972572657-2675491317-1773867395
ab0d8475dd0d7d9674f2ddf6c1b399a54a3b8e6b0af4451cfdbb54c3aef7b94d,2,1781597607-1969820145-2221588981-1773867395 2954368727-1970082289-2816786933-1773867395
f6e707f47c16a2bb3cfca8d37d237c965934260f92f3df524dd844e9d0278d2f,2,3644542886-1960972785-2756215274-2917985560 3359513894-1970934257-2709176821-1773867395
d8d3dd7c923f69e4fc6a2bee46490a8f5e3a32823b0d3bb71f8211fa697fd112,2,3549867118-1971261937-2261484010-2917985560 2658497255-1971261937-2731182400-3594676577
868432265e87a53c533edb41f09bbc2709d1aa1a75418553aa12d1b3a0cb67d8,2,0052998863-1970082289-3018621418-2917985560 3568203759-1972638193-3060569144-0825805307
2552b35ac2598bb3e2ba6013b0785c06b690f007acbe0df7747f3388c0047fba,2,0855626109-1971720689-2214365504-3594676577 1508375906-1971720689-2634323000-0825805307
4b9d160f9605535fe78811c2ead462fab5e55018435adca9e4b179080a8e0c36,2,3469723931-1970213361-2615591413-1773867395 1150746766-1969558001-2750318912-3594676577
c066b921ea90f826ce7c2c98b006ac9dbdfd9a07d631ca2d8f6a14303117aa52,2,1048441747-1973555697-2794099768-0825805307 4047436294-1973424625-2183432512-3594676577
831e0041c4166a8eccefc24fa73a65b4a9ab8561c0472c5a83628b569efa7138,2,3348363815-1972638193-2804974058-2917985560 2509639700-1972769265-2836040000-3594676577
bd9f28358373e21dac4519fa525e275c287c34c3c621fbc600e3bf914ac80182,2,0793431654-1971851761-2706686453-1773867395 2069758896-1971786225-2826011114-2917985560
9a98756b9c6817e584aaf5d49f0b1344d4add7057ae5fe37f2eb8ad52e10344a,2,1204168244-1970803185-2862519352-0825805307 3154708224-1970803185-2899083754-2917985560
f70c3921b0efde84c90588198a822319275af8f8f7e5bb5750b2d69a9fbb6e25,2,1045675892-1967591921-3092351296-3594676577 3576078240-1970803185-2935849450-2917985560
e64a38eddaa64e6cc3b83fae7f68cf19ad550df82aa0f97c76a97bf83aef88e4,2,4144905973-1967591921-2908001336-0825805307 1345879947-1968181745-2924644672-3594676577
2fa1e4b43329d9b64bf020c2f63d6fd8027f3b19df26148bf4ed97eade125003,2,1477163022-1973096945-2490078264-0825805307 0400877478-1972965873-3152462325-1773867395
d658350cab15b5be36c55d53fbf9fac4f469313da3436f6492a89239ae1e1660,2,1178115909-1971720689-3018047989-1773867395 3923410849-1971589617-2995552746-2917985560
a9866033545f59729cbc542d84bdd89c1e6d824a33798511fc935d43bc73535e,2,3386957351-1970541041-2465317365-1773867395 3620038447-1970082289-2972420416-3594676577
35a33e85c34339c4e2cef2a3d83e86ed2fdff9ea78823eee9621308e35f2deb6,2,4163144140-1971917297-2692516160-3594676577 2940504200-1971917297-2768606264-0825805307
428e8f7d16343d6df11ab20a332a47b7875662e0553aab71cd1bf35c29e0d179,2,0548640698-1969164785-2445117760-3594676577 3470338052-1969099249-2351469624-0825805307
335c4d620215a3329ad5f3376d32e3719dccf69247b85c48e3c17921738a1e2f,2,0609265153-1972179441-2885915704-0825805307 1959764357-1969492465-2194379832-0825805307
6c2a0d5c58c89f9dd4b67d7aeeacc22f6aed968a344d37d52ded71869ccd123c,2,1521144291-1969492465-2388574709-1773867395 0339715600-1967591921-2366620149-1773867395
381d7e550001397601b93e0162920431f74e8fbbecfda24f2bb8e170d180ad5c,2,1481885770-1972441585-2293598528-3594676577 1571548445-1970803185-2973468992-3594676577
c4733aa4b4bd37adcf586201d058a725fd4923074f94b9533cce2456dce6cf19,2,2395675251-1972179441-2798879210-2917985560 3223426661-1970999793-2924511722-2917985560
776c80970cb7ab505becee12a94f06085d70fbecc1a08ab528f5818a9754b966,2,0322133131-1967526385-2712568298-2917985560 0534281629-1968706033-2436006378-2917985560
85c9b4f4b0104ce4e2ba7f9301b14d16f5ef67c23a1f166c4f6b98c4e7e482d8,2,3318741993-1967985137-2964816362-2917985560 0502613259-1971655153-2547827189-1773867395
edca5748ff9bd7616cced4ce6626483870084dfa858bdf18aef9b6530ffac4a6,2,3890549790-1969623537-3051389418-2917985560 1024171685-1969426929-2848752106-2917985560
52a4ea20dc99bfc899ef019507095cfb9ec5bce7b2ed42ec610dd60fa7b4ca69,2,3074154687-1968771569-2640873792-3594676577 4131214259-1968771569-2844180981-1773867395
8bc1d4293512e8c6dcd2b307d1760af0ba7f3d258797198bb4d930974500d5c2,2,1720484493-1973621233-2991756344-0825805307 0557804731-1973621233-2288042485-1773867395
b5536e915d36719b93bd65a20f2330f642cfb6c006bd67614722cf6c7d26d8f8,2,0716259487-1969623537-2797830634-2917985560 1059307686-1969820145-2160312821-1773867395
8d06831296e7c389a66fccc184ee66ce01d7eaab88162903fbf7b89e7ada922c,2,3098682376-1970409969-2896724458-2917985560 2099572223-1970409969-2908787768-0825805307
